{"stats":{"minecraft:custom":{"minecraft:jump":34,"minecraft:time_since_rest":3309,"minecraft:leave_game":1,"minecraft:damage_taken":25,"minecraft:sprint_one_cm":7401,"minecraft:play_time":3309,"minecraft:walk_on_water_one_cm":2411,"minecraft:time_since_death":3309,"minecraft:walk_one_cm":659,"minecraft:sneak_time":21,"minecraft:total_world_time":3309,"minecraft:walk_under_water_one_cm":2285,"minecraft:swim_one_cm":18281,"minecraft:fall_one_cm":1521,"minecraft:fly_one_cm":8419},"minecraft:mined":{"minecraft:sand":1},"minecraft:picked_up":{"minecraft:sand":1}},"DataVersion":3700}